
CREATE TABLE categories (
  id text NOT NULL,
  title text NOT NULL,
  description text NOT NULL,
  created_at timestamp with time zone DEFAULT now(),
  CONSTRAINT categories_pkey PRIMARY KEY (id)
);
CREATE TABLE levels (
  id text NOT NULL,
  title text NOT NULL,
  order_index integer NOT NULL,
  created_at timestamp with time zone DEFAULT now(),
  CONSTRAINT levels_pkey PRIMARY KEY (id)
);
CREATE TABLE questions (
  id uuid NOT NULL DEFAULT gen_random_uuid(),
  category_id text NOT NULL,
  level_id text NOT NULL,
  text text NOT NULL,
  options jsonb NOT NULL,
  correct_answer integer NOT NULL,
  created_at timestamp with time zone DEFAULT now(),
  explanation text NOT NULL DEFAULT ''::text,
  CONSTRAINT questions_pkey PRIMARY KEY (id),
  CONSTRAINT questions_category_id_fkey FOREIGN KEY (category_id) REFERENCES public.categories(id),
  CONSTRAINT questions_level_id_fkey FOREIGN KEY (level_id) REFERENCES public.levels(id)
);
-------------
INSERT INTO "categories" ("id", "title", "description", "created_at") VALUES ('backend', 'Backend', 'Node.js, Python, Django, REST, базы данных и серверная логика', '2025-09-01 11:58:17.848054+00'), ('devops', 'DevOps', 'Docker, Kubernetes, CI/CD, Linux, мониторинг и инфраструктура', '2025-09-01 11:58:17.848054+00'), ('frontend', 'Frontend', 'HTML, CSS, JavaScript, React, Vue и другие технологии клиентской части', '2025-09-01 11:58:17.848054+00');

INSERT INTO "levels" ("id", "title", "order_index", "created_at") VALUES ('junior', 'Junior', '1', '2025-09-01 11:58:17.848054+00'), ('middle', 'Middle', '2', '2025-09-01 11:58:17.848054+00'), ('senior', 'Senior', '3', '2025-09-01 11:58:17.848054+00');

INSERT INTO "questions" ("id", "category_id", "level_id", "text", "options", "correct_answer", "created_at", "explanation") VALUES ('04ca889c-05dd-44c8-9fd5-26e3332582eb', 'backend', 'senior', 'Какой уровень изоляции транзакций обеспечивает наивысшую согласованность?', '["Read Uncommitted","Read Committed","Repeatable Read","Serializable"]', '3', '2025-09-01 11:58:17.848054+00', ''), ('1377e653-57ed-4268-9648-a450edda608d', 'frontend', 'middle', 'Какой хук React используется для управления состоянием компонента?', '["useEffect","useState","useContext","useReducer"]', '1', '2025-09-01 11:58:17.848054+00', '...'), ('146af42c-1327-40bf-8af6-0e08436f07ab', 'frontend', 'senior', 'Какой паттерн используется в Redux для управления состоянием?', '["Observer","Flux","MVC","Singleton"]', '1', '2025-09-01 11:58:17.848054+00', ''), ('1537ea6a-2a03-403a-876a-43e722981a42', 'devops', 'middle', 'Что такое Kubernetes?', '["Система мониторинга","Платформа оркестрации контейнеров","База данных","Веб-сервер"]', '1', '2025-09-01 11:58:17.848054+00', ''), ('1feb123d-1342-4e6f-8451-7da0401a4ad5', 'frontend', 'senior', 'Что такое Server-Side Rendering (SSR)?', '["Рендеринг на клиенте","Рендеринг на сервере","Кэширование данных","Оптимизация изображений"]', '1', '2025-09-01 11:58:17.848054+00', ''), ('2338defa-c352-4dc1-af04-ca24c4d5e37a', 'backend', 'junior', 'Какой тип базы данных является SQL?', '["NoSQL","Реляционная","Документная","Графовая"]', '1', '2025-09-01 11:58:17.848054+00', ''), ('25d3693d-89cb-4db5-8619-02a577983833', 'devops', 'junior', 'Что означает CI/CD?', '["Continuous Integration/Continuous Deployment","Code Integration/Code Deployment","Continuous Improvement/Continuous Development","Central Integration/Central Deployment"]', '0', '2025-09-01 11:58:17.848054+00', 'CI/CD (Continuous Integration/Continuous Deployment) - это практика автоматизации интеграции кода и развертывания приложений.'), ('3019d146-d6b1-4cf5-82aa-fedfbee3ca10', 'frontend', 'junior', 'Что выведет следующий код? console.log(typeof null);', '["null","object","undefined","boolean"]', '1', '2025-09-01 11:58:17.848054+00', 'Несмотря на то, что null — это примитивное значение, представляющее намеренно пустое значение, оператор typeof возвращает строку ''object'' при проверке null.

Это известная ошибка (баг) в языке JavaScript, которая существует с самых ранних версий и сохраняется для обратной совместимости.'), ('34784007-142c-4759-aff2-2e0951c1c21a', 'backend', 'junior', 'Что означает CRUD в контексте веб-разработки?', '["Create Read Update Delete","Create Retrieve Update Destroy","Copy Read Update Delete","Create Replace Update Delete"]', '0', '2025-09-01 11:58:17.848054+00', ''), ('41265944-52b4-4e92-a661-705ca231d96a', 'devops', 'middle', 'Какой протокол используется для мониторинга инфраструктуры в Prometheus?', '["HTTP","TCP","UDP","SNMP"]', '0', '2025-09-01 11:58:17.848054+00', ''), ('4b10e09b-9e8d-4c6d-b96f-766ef7d7d092', 'devops', 'junior', 'Что такое Git?', '["Система контроля версий","База данных","Веб-сервер","Язык программирования"]', '0', '2025-09-01 11:58:17.848054+00', 'Git - это распределенная система контроля версий, которая отслеживает изменения в файлах и координирует работу над ними.'), ('50221383-5e20-47fc-9f38-f405f05367bc', 'backend', 'senior', 'Какой паттерн используется для обеспечения согласованности данных в микросервисах?', '["Two-Phase Commit","Saga","Event Sourcing","Все перечисленные"]', '3', '2025-09-01 11:58:17.848054+00', ''), ('510eff69-054c-4759-ac6e-11bdc6f817a9', 'backend', 'senior', 'Что такое CQRS?', '["Command Query Responsibility Segregation","Create Query Read System","Centralized Query Response System","Command Queue Response Service"]', '0', '2025-09-01 11:58:17.848054+00', ''), ('5a6e82f4-6b38-40dd-b0f1-dd40f28a2cd5', 'devops', 'middle', 'Что такое Blue-Green deployment?', '["Стратегия развертывания с двумя идентичными средами","Метод тестирования","Система мониторинга","Способ резервного копирования"]', '0', '2025-09-01 11:58:17.848054+00', ''), ('5b2f3c9d-e3b1-4a3c-8f41-300ca6d42798', 'devops', 'junior', 'Какой порт по умолчанию использует SSH?', '["21","22","23","80"]', '1', '2025-09-01 11:58:17.848054+00', ''), ('61891b4b-34f9-49a6-aca7-dea599d91cf5', 'devops', 'senior', 'Какой паттерн архитектуры лучше всего подходит для высоконагруженных систем?', '["Монолит","Микросервисы","Serverless","Зависит от требований"]', '3', '2025-09-01 11:58:17.848054+00', ''), ('66ef160f-7916-470a-b4ae-e8f4b2a6d0ea', 'backend', 'middle', 'Что такое REST API?', '["Протокол базы данных","Архитектурный стиль для веб-сервисов","Язык программирования","Фреймворк"]', '1', '2025-09-01 11:58:17.848054+00', ''), ('6af43338-fe1b-4a7f-a1a8-2fa3006493a9', 'frontend', 'senior', 'Что такое Tree Shaking в контексте сборки приложений?', '["Удаление неиспользуемого кода","Оптимизация изображений","Сжатие файлов","Кэширование ресурсов"]', '0', '2025-09-01 11:58:17.848054+00', ''), ('6e9226e6-bb32-4824-83e8-73e513355e84', 'devops', 'senior', 'Какая стратегия масштабирования подразумевает добавление большего количества серверов?', '["Vertical scaling","Horizontal scaling","Load balancing","Caching"]', '1', '2025-09-01 11:58:17.848054+00', ''), ('73fb52c1-29ee-4d0d-b2d1-0b2cf3d627f8', 'frontend', 'junior', 'Какой атрибут используется для связывания CSS файла с HTML документом?', '["src","href","link","style"]', '1', '2025-09-01 11:58:17.848054+00', 'Для подключения CSS-файла к HTML-документу используется тег <link>, который размещается внутри секции <head>. Атрибут href (от hypertext reference) указывает путь к внешнему CSS-файлу.'), ('754cf830-0e54-4d12-a6e2-7a167eeaea7c', 'backend', 'senior', 'Что такое Event Loop в Node.js?', '["Цикл событий для обработки асинхронных операций","Цикл для обработки ошибок","Система логирования","Механизм кэширования"]', '0', '2025-09-01 11:58:17.848054+00', ''), ('7ad65337-be4a-4cfb-a25e-f3354764dde9', 'backend', 'middle', 'Какой паттерн проектирования часто используется в ORM?', '["Singleton","Factory","Active Record","Observer"]', '2', '2025-09-01 11:58:17.848054+00', ''), ('8a03bb12-a3b7-4847-82ab-dcd071b64a6a', 'frontend', 'senior', 'Какой алгоритм использует React для обновления DOM?', '["Bubble sort","Quick sort","Reconciliation","Binary search"]', '2', '2025-09-01 11:58:17.848054+00', ''), ('8b4ced71-78f6-4a74-b442-e7d35654272a', 'backend', 'middle', 'Какой HTTP метод используется для обновления ресурса?', '["GET","POST","PUT","DELETE"]', '2', '2025-09-01 11:58:17.848054+00', ''), ('8bbc04cc-08cb-40b2-87c0-4db939f03dc8', 'devops', 'senior', 'Какой принцип CAP теоремы невозможно достичь одновременно во всех случаях?', '["Consistency, Availability, Partition tolerance","Только Consistency и Availability","Только Availability и Partition tolerance","Все три можно достичь одновременно"]', '0', '2025-09-01 11:58:17.848054+00', ''), ('90fdc90f-a3b7-431c-bcdb-82d73c17b280', 'devops', 'middle', 'Что такое Ansible?', '["Система контроля версий","Инструмент автоматизации конфигурации","База данных","Веб-фреймворк"]', '1', '2025-09-01 11:58:17.848054+00', ''), ('966b0855-208d-407e-a9cd-940c51185dc8', 'backend', 'middle', 'Что такое JWT?', '["Java Web Technology","JSON Web Token","JavaScript Web Tool","Java Web Token"]', '1', '2025-09-01 11:58:17.848054+00', ''), ('9abcce88-47fa-4823-aa77-b54724e94b84', 'devops', 'senior', 'Что такое Circuit Breaker pattern?', '["Паттерн для предотвращения каскадных отказов","Система резервного копирования","Метод шифрования","Алгоритм балансировки нагрузки"]', '0', '2025-09-01 11:58:17.848054+00', ''), ('9f1f4dd1-d1c8-4c7f-a398-1d40e48d58a9', 'backend', 'senior', 'Какой принцип SOLID отвечает за то, что класс должен иметь только одну причину для изменения?', '["Open/Closed Principle","Single Responsibility Principle","Liskov Substitution Principle","Dependency Inversion Principle"]', '1', '2025-09-01 11:58:17.848054+00', ''), ('a190be7c-7be1-4e7a-ba52-1732dd54c726', 'backend', 'middle', 'Что такое middleware в контексте веб-серверов?', '["База данных","Промежуточное ПО для обработки запросов","Фронтенд фреймворк","Система кэширования"]', '1', '2025-09-01 11:58:17.848054+00', ''), ('a1dd4de2-ec2d-4b92-9e0e-435df9274478', 'devops', 'junior', 'Какая команда используется для просмотра запущенных процессов в Linux?', '["ls","ps","top","grep"]', '1', '2025-09-01 11:58:17.848054+00', ''), ('a68805aa-8e40-4fa8-bdcd-f14fa5dedc3f', 'backend', 'junior', 'Какой порт по умолчанию использует HTTP?', '["443","8080","80","3000"]', '2', '2025-09-01 11:58:17.848054+00', ''), ('aba0034c-d330-43e7-9147-f5f4f8d43026', 'frontend', 'junior', 'Что означает HTML?', '["Hyper Text Markup Language","High Tech Modern Language","Home Tool Markup Language","Hyperlink and Text Markup Language"]', '0', '2025-09-01 11:58:17.848054+00', 'HTML расшифровывается как Hyper Text Markup Language, что в переводе на русский означает "Язык гипертекстовой разметки".'), ('b42dd9fc-5869-4388-878d-681bb83b36e7', 'frontend', 'junior', 'Какой тег используется для создания заголовка наибольшего уровня?', '["<h6>","<h1>","<header>","<title>"]', '1', '2025-09-01 11:58:17.848054+00', 'h1 является самым крупным заголовком в HTML и используется для основного заголовка страницы или раздела.'), ('bba195be-1d04-4ec9-b758-dbe126456516', 'devops', 'middle', 'Какой инструмент используется для автоматизации инфраструктуры как код?', '["Docker","Jenkins","Terraform","Nginx"]', '2', '2025-09-01 11:58:17.848054+00', ''), ('bcc9391e-4e28-4f42-8fdd-54998f5c2863', 'backend', 'junior', 'Что такое API?', '["Application Programming Interface","Advanced Programming Interface","Automated Programming Interface","Application Process Interface"]', '0', '2025-09-01 11:58:17.848054+00', ''), ('c410917b-695b-4fc7-b8a5-11d41b9ca34e', 'devops', 'junior', 'Что такое Docker?', '["База данных","Платформа контейнеризации","Язык программирования","Операционная система"]', '1', '2025-09-01 11:58:17.848054+00', 'Docker - это платформа контейнеризации, которая позволяет упаковывать приложения и их зависимости в легкие, портативные контейнеры.'), ('c4e686bc-ae31-435c-86e6-cb69edffcdfb', 'backend', 'junior', 'Какой HTTP статус код означает ''Not Found''?', '["200","404","500","403"]', '1', '2025-09-01 11:58:17.848054+00', ''), ('ca23db15-4050-410b-8cf3-3dc8109450f8', 'frontend', 'middle', 'Что такое замыкание (closure) в JavaScript?', '["Функция внутри функции","Способ закрыть переменную","Функция, которая имеет доступ к переменным внешней области видимости","Метод удаления переменных"]', '2', '2025-09-01 11:58:17.848054+00', ''), ('d1cbdea0-6991-400d-aebd-c238b101421f', 'frontend', 'middle', 'Что такое webpack?', '["CSS фреймворк","JavaScript библиотека","Модульный сборщик","База данных"]', '2', '2025-09-01 11:58:17.848054+00', ''), ('d45dbc67-9369-4670-9b7a-1bd92808393d', 'frontend', 'junior', 'Какой метод используется для добавления элемента в конец массива в JavaScript?', '["append()","push()","add()","insert()"]', '1', '2025-09-01 11:58:17.848054+00', 'В JavaScript для добавления одного или нескольких элементов в конец массива используется метод push().'), ('d5b90361-c816-4df1-806a-0895216f605a', 'devops', 'senior', 'Что такое Service Mesh?', '["Инфраструктурный слой для управления коммуникацией между сервисами","Система мониторинга","База данных","Система контроля версий"]', '0', '2025-09-01 11:58:17.848054+00', ''), ('f1f1d3bb-09ea-491e-81ed-e10b82e96dc6', 'frontend', 'senior', 'Что такое микрофронтенды?', '["Маленькие компоненты","Архитектурный подход для разделения фронтенда на независимые модули","Новый фреймворк","Метод оптимизации"]', '1', '2025-09-01 11:58:17.848054+00', ''), ('f6feedcd-36f4-4d38-8948-fd74b82d6dbb', 'frontend', 'junior', 'Какое свойство CSS используется для изменения цвета текста?', '["text-color","font-color","color","text-style"]', '2', '2025-09-01 11:58:17.848054+00', 'В CSS для изменения цвета текста используется свойство color.

Теперь разберём остальные варианты:

text-color — такого свойства не существует в CSS. Хотя название логичное, оно не поддерживается.
font-color — также не существует. Это распространённое заблуждение, но в CSS такого свойства нет.
text-style — тоже не существует. Существует похожее свойство text-decoration или font-style (для курсива), но не text-style.');